{"objects":[{"flag":"Render","type":"Toggle","state":false},{"flag":"Emote","type":"Dropdown","value":"floss"},{"flag":"EndRound","type":"Toggle","state":false},{"flag":"KillAll","type":"Toggle","state":false},{"flag":"Names","type":"Toggle","state":true},{"flag":"AutoShoot","type":"Toggle","state":true},{"flag":"ShootBind","type":"Keybind"},{"flag":"AuraDistance","type":"Slider","value":"31.64569524329478"},{"flag":"Mode","type":"Dropdown","value":"Nearest"},{"flag":"WalkSpeed","type":"Toggle","state":true},{"flag":"Chams","type":"Toggle","state":true},{"flag":"AntiFling","type":"Toggle","state":false},{"flag":"Jump","type":"Toggle","state":true},{"flag":"SilentAim","type":"Toggle","state":false},{"flag":"GunDropCham","type":"Toggle","state":true},{"flag":"WalkSpeedSlider","type":"Slider","value":"100"},{"flag":"AutoFarm","type":"Toggle","state":false},{"flag":"AutoRejoin","type":"Toggle","state":true},{"flag":"Infinite","type":"Toggle","state":true},{"flag":"KillAura","type":"Toggle","state":true},{"flag":"JumpPower","type":"Slider","value":"100"},{"flag":"AutoExecute","type":"Toggle","state":true},{"flag":"SaveSettings","type":"Toggle","state":true},{"flag":"AutoEmote","type":"Toggle","state":false},{"flag":"AutoGrab","type":"Toggle","state":true}]}